pod_name,model_name,batch_size,token_size,GPU_type,iteration,GPU_util,qps,seq_len,FPR
Llama-3.1-8B_batch128_input1024_output10,Llama-3.1-8B,128,131072,A100,10,91.99,128,1024,2.24225625
Llama-3.1-8B_batch8_input128_output10,Llama-3.1-8B,8,1024,A100,10,81.37,8,128,31.734300000000005
Llama-3.2-3B_batch128_input1024_output10,Llama-3.2-3B,128,131072,A100,10,86.41,128,1024,2.10624375
Llama-3.2-3B_batch8_input128_output10,Llama-3.2-3B,8,1024,A100,10,54.65,8,128,21.3135
Qwen2.5-14B_batch128_input1024_output10,Qwen2.5-14B,128,131072,A100,10,95.41,128,1024,2.32561875
Qwen2.5-14B_batch8_input128_output10,Qwen2.5-14B,8,1024,A100,10,86.34,8,128,33.6726
Qwen2.5-32B_batch128_input1024_output10,Qwen2.5-32B,128,131072,A100,10,97.06,128,1024,2.3658375
Qwen2.5-32B_batch8_input128_output10,Qwen2.5-32B,8,1024,A100,10,92.23,8,128,35.9697
Qwen2.5-3B_batch128_input1024_output10,Qwen2.5-3B,128,131072,A100,10,89.99,128,1024,2.19350625
Qwen2.5-3B_batch8_input128_output10,Qwen2.5-3B,8,1024,A100,10,60.39,8,128,23.5521
Qwen2.5-7B_batch128_input1024_output10,Qwen2.5-7B,128,131072,A100,10,95.78,128,1024,2.3346375
Qwen2.5-7B_batch8_input128_output10,Qwen2.5-7B,8,1024,A100,10,78.71,8,128,30.696899999999996
Qwen3-14B_batch128_input1024_output10,Qwen3-14B,128,131072,A100,10,97.7,128,1024,2.3814375
Qwen3-14B_batch8_input128_output10,Qwen3-14B,8,1024,A100,10,89.97,8,128,35.0883
Qwen3-30B-A3B_batch128_input1024_output10,Qwen3-30B-A3B,128,131072,A100,10,96.05,128,1024,2.34121875
Qwen3-30B-A3B_batch8_input128_output10,Qwen3-30B-A3B,8,1024,A100,10,31.42,8,128,12.253800000000002
Qwen3-4B_batch128_input1024_output10,Qwen3-4B,128,131072,A100,10,92.61,128,1024,2.25736875
Qwen3-4B_batch8_input128_output10,Qwen3-4B,8,1024,A100,10,70.37,8,128,27.4443
Qwen3-8B_batch128_input1024_output10,Qwen3-8B,128,131072,A100,10,95.72,128,1024,2.333175
Qwen3-8B_batch8_input128_output10,Qwen3-8B,8,1024,A100,10,79.01,8,128,30.8139
Llama-3.1-8B_batch128_input1024_output10,Llama-3.1-8B,128,131072,A800,10,97.82,128,1024,2.3843625
Llama-3.1-8B_batch8_input128_output10,Llama-3.1-8B,8,1024,A800,10,82.98,8,128,32.3622
Llama-3.2-3B_batch128_input1024_output10,Llama-3.2-3B,128,131072,A800,10,95.09,128,1024,2.3178187500000003
Llama-3.2-3B_batch8_input128_output10,Llama-3.2-3B,8,1024,A800,10,72.98,8,128,28.4622
Qwen2.5-14B_batch128_input1024_output10,Qwen2.5-14B,128,131072,A800,10,98.78,128,1024,2.4077625
Qwen2.5-14B_batch8_input128_output10,Qwen2.5-14B,8,1024,A800,10,88.23,8,128,34.4097
Qwen2.5-3B_batch128_input1024_output10,Qwen2.5-3B,128,131072,A800,10,94.94,128,1024,2.3141625
Qwen2.5-3B_batch8_input128_output10,Qwen2.5-3B,8,1024,A800,10,61.67,8,128,24.0513
Qwen2.5-7B_batch128_input1024_output10,Qwen2.5-7B,128,131072,A800,10,97.67,128,1024,2.38070625
Qwen2.5-7B_batch8_input128_output10,Qwen2.5-7B,8,1024,A800,10,80.67,8,128,31.4613
Qwen3-14B_batch128_input1024_output10,Qwen3-14B,128,131072,A800,10,98.75,128,1024,2.40703125
Qwen3-14B_batch8_input128_output10,Qwen3-14B,8,1024,A800,10,90.43,8,128,35.267700000000005
Qwen3-30B-A3B_batch128_input1024_output10,Qwen3-30B-A3B,128,131072,A800,10,96.54,128,1024,2.3531625000000003
Qwen3-30B-A3B_batch8_input128_output10,Qwen3-30B-A3B,8,1024,A800,10,85.97,8,128,33.5283
Qwen3-4B_batch128_input1024_output10,Qwen3-4B,128,131072,A800,10,96.4,128,1024,2.34975
Qwen3-4B_batch8_input128_output10,Qwen3-4B,8,1024,A800,10,72.79,8,128,28.388100000000005
Qwen3-8B_batch128_input1024_output10,Qwen3-8B,128,131072,A800,10,97.82,128,1024,2.3843625
Qwen3-8B_batch8_input128_output10,Qwen3-8B,8,1024,A800,10,81.06,8,128,31.6134
Llama-3.1-8B_batch128_input1024_output10,Llama-3.1-8B,128,131072,H20,10,96.31,128,1024,1.113584375
Llama-3.1-8B_batch8_input128_output10,Llama-3.1-8B,8,1024,H20,10,74.6,8,128,13.801
Llama-3.2-3B_batch128_input1024_output10,Llama-3.2-3B,128,131072,H20,10,92.7,128,1024,1.07184375
Llama-3.2-3B_batch8_input128_output10,Llama-3.2-3B,8,1024,H20,10,41.2,8,128,7.622000000000001
Qwen2.5-14B_batch128_input1024_output10,Qwen2.5-14B,128,131072,H20,10,97.65,128,1024,1.129078125
Qwen2.5-14B_batch8_input128_output10,Qwen2.5-14B,8,1024,H20,10,82.38,8,128,15.2403
Qwen2.5-32B_batch128_input1024_output10,Qwen2.5-32B,128,131072,H20,10,98.52,128,1024,1.1391375
Qwen2.5-32B_batch8_input128_output10,Qwen2.5-32B,8,1024,H20,10,87.41,8,128,16.17085
Qwen2.5-3B_batch128_input1024_output10,Qwen2.5-3B,128,131072,H20,10,89.0,128,1024,1.0290625
Qwen2.5-3B_batch8_input128_output10,Qwen2.5-3B,8,1024,H20,10,44.7,8,128,8.2695
Qwen2.5-7B_batch128_input1024_output10,Qwen2.5-7B,128,131072,H20,10,94.22,128,1024,1.08941875
Qwen2.5-7B_batch8_input128_output10,Qwen2.5-7B,8,1024,H20,10,75.61,8,128,13.98785
Qwen3-14B_batch128_input1024_output10,Qwen3-14B,128,131072,H20,10,97.81,128,1024,1.130928125
Qwen3-14B_batch8_input128_output10,Qwen3-14B,8,1024,H20,10,82.84,8,128,15.3254
Qwen3-30B-A3B_batch1_input128_output10,Qwen3-30B-A3B,1,128,H20,10,31.12,1,128,46.05760000000001
Qwen3-30B-A3B_batch32_input128_output10,Qwen3-30B-A3B,32,4096,H20,10,20.19,32,128,0.9337875
Qwen3-32B_batch128_input1024_output10,Qwen3-32B,128,131072,H20,10,98.84,128,1024,1.1428375000000002
Qwen3-32B_batch8_input128_output10,Qwen3-32B,8,1024,H20,10,89.69,8,128,16.59265
Qwen3-4B_batch128_input1024_output10,Qwen3-4B,128,131072,H20,10,93.34,128,1024,1.07924375
Qwen3-4B_batch8_input128_output10,Qwen3-4B,8,1024,H20,10,63.36,8,128,11.7216
Qwen3-8B_batch128_input1024_output10,Qwen3-8B,128,131072,H20,10,96.85,128,1024,1.119828125
Qwen3-8B_batch8_input128_output10,Qwen3-8B,8,1024,H20,10,72.91,8,128,13.48835
Llama-3.1-8B_batch128_input1024_output10,Llama-3.1-8B,128,131072,H800,10,86.67,128,1024,6.69661171875
Llama-3.1-8B_batch8_input128_output10,Llama-3.1-8B,8,1024,H800,10,64.0,8,128,79.12
Llama-3.2-3B_batch128_input1024_output10,Llama-3.2-3B,128,131072,H800,10,73.85,128,1024,5.70606640625
Llama-3.2-3B_batch8_input128_output10,Llama-3.2-3B,8,1024,H800,10,39.55,8,128,48.8936875
Qwen2.5-14B_batch128_input1024_output10,Qwen2.5-14B,128,131072,H800,10,92.5,128,1024,7.1470703125
Qwen2.5-14B_batch8_input128_output10,Qwen2.5-14B,8,1024,H800,10,66.27,8,128,81.9262875
Qwen2.5-3B_batch128_input1024_output10,Qwen2.5-3B,128,131072,H800,10,73.66,128,1024,5.6913859375
Qwen2.5-3B_batch8_input128_output10,Qwen2.5-3B,8,1024,H800,10,36.26,8,128,44.826425
Qwen2.5-7B_batch128_input1024_output10,Qwen2.5-7B,128,131072,H800,10,84.23,128,1024,6.50808359375
Qwen2.5-7B_batch8_input128_output10,Qwen2.5-7B,8,1024,H800,10,57.0,8,128,70.46624999999999
Qwen3-14B_batch128_input1024_output10,Qwen3-14B,128,131072,H800,10,93.99,128,1024,7.26219609375
Qwen3-14B_batch8_input128_output10,Qwen3-14B,8,1024,H800,10,69.95,8,128,86.4756875
Qwen3-30B-A3B_batch128_input1024_output10,Qwen3-30B-A3B,128,131072,H800,10,80.2,128,1024,6.196703125
Qwen3-30B-A3B_batch8_input128_output10,Qwen3-30B-A3B,8,1024,H800,10,12.76,8,128,15.77455
Qwen3-4B_batch128_input1024_output10,Qwen3-4B,128,131072,H800,10,76.58,128,1024,5.9170015625
Qwen3-4B_batch8_input128_output10,Qwen3-4B,8,1024,H800,10,28.22,8,128,34.886975
Qwen3-8B_batch128_input1024_output10,Qwen3-8B,128,131072,H800,10,89.21,128,1024,6.89286640625
Qwen3-8B_batch8_input128_output10,Qwen3-8B,8,1024,H800,10,22.09,8,128,27.308762499999997
Llama-3.1-8B_batch128_input1024_output10,Llama-3.1-8B,128,131072,L20,10,99.0,128,1024,0.9242578125
Llama-3.1-8B_batch8_input128_output10,Llama-3.1-8B,8,1024,L20,10,90.04,8,128,13.449725
Llama-3.2-3B_batch128_input1024_output10,Llama-3.2-3B,128,131072,L20,10,97.52,128,1024,0.910440625
Llama-3.2-3B_batch8_input128_output10,Llama-3.2-3B,8,1024,L20,10,82.28,8,128,12.290575
Qwen2.5-14B_batch128_input1024_output10,Qwen2.5-14B,128,131072,L20,10,99.14,128,1024,0.92556484375
Qwen2.5-14B_batch1_input2048_output10,Qwen2.5-14B,1,2048,L20,10,96.78,1,2048,115.6521
Qwen2.5-3B_batch128_input1024_output10,Qwen2.5-3B,128,131072,L20,10,96.7,128,1024,0.90278515625
Qwen2.5-3B_batch1_input2048_output10,Qwen2.5-3B,1,2048,L20,10,89.74,1,2048,107.2393
Qwen2.5-7B_batch128_input1024_output10,Qwen2.5-7B,128,131072,L20,10,98.5,128,1024,0.91958984375
Qwen2.5-7B_batch8_input128_output10,Qwen2.5-7B,8,1024,L20,10,92.53,8,128,13.82166875
Qwen3-14B_batch128_input1024_output10,Qwen3-14B,128,131072,L20,10,99.29,128,1024,0.926965234375
Qwen3-14B_batch8_input128_output10,Qwen3-14B,8,1024,L20,10,95.41,8,128,14.25186875
Qwen3-4B_batch128_input1024_output10,Qwen3-4B,128,131072,L20,10,97.71,128,1024,0.912214453125
Qwen3-4B_batch8_input128_output10,Qwen3-4B,8,1024,L20,10,88.31,8,128,13.19130625
Qwen3-8B_batch128_input1024_output10,Qwen3-8B,128,131072,L20,10,98.63,128,1024,0.920803515625
Qwen3-8B_batch8_input128_output10,Qwen3-8B,8,1024,L20,10,93.09,8,128,13.90531875
